{"count":1,"gauges":{},"self":9.582602399999999,"total":11.3019111,"children":{"AgentSendState":{"count":1867,"self":0.0409169,"total":0.0663551,"children":{"CollectObservations":{"count":1065,"self":0.025438199999999998,"total":0.025438199999999998,"children":null}}},"DecideAction":{"count":1867,"self":1.201208,"total":1.201208,"children":null},"AgentAct":{"count":1867,"self":0.4507482,"total":0.4507482,"children":null}}}