{"count":1,"gauges":{"MarathonManBackflip-v0.CumulativeReward":{"count":12,"max":153.678558,"min":61.1509361,"value":61.1509361,"weightedAverage":68.4618}},"self":17.315900799999998,"total":18.8255004,"children":{"AgentSendState":{"count":2697,"self":0.0656844,"total":0.1045755,"children":{"CollectObservations":{"count":1416,"self":0.0388911,"total":0.0388911,"children":null}}},"DecideAction":{"count":2697,"self":0.7380043,"total":0.7380043,"children":null},"AgentAct":{"count":2697,"self":0.66599089999999994,"total":0.66599089999999994,"children":null}}}